{"_wandb": {"runtime": 249}, "Current Training Epoch": 0, "Training IoU": 0.05452203378551421, "Training Accuracy": 100.0, "_timestamp": 1705692392.5058048, "Testing Epoch": 0, "Current Testing IoU": 4.5815906949374374e-12, "Overall Best Testing Iou": 4.5815906949374374e-12, "Current Testing Accuracy": 36.25, "Best Testing Accuracy": 36.25, "_runtime": 188.66846084594727, "_step": 0}