{"Current Training Epoch": 2, "Training IoU": 28.260880887508392, "Training Accuracy": 100.0, "_timestamp": 1705693027.4248266, "Testing Epoch": 2, "Current Testing IoU": 30.116893589496613, "Overall Best Testing Iou": 30.116893589496613, "Current Testing Accuracy": 36.25, "Best Testing Accuracy": 36.25, "_runtime": 553.8340187072754, "_step": 2, "_wandb": {"runtime": 553}}